id,fullName,gender,dob,email,phoneNum
248652,Ekaterina Godber,Female,12/6/1977,egodber0@desdev.cn,(588) 4052017
248653,Barri Tiplady,Non-binary,5/10/1971,,(892) 7886816
248654,Cahra Manginot,Female,8/22/1965,cmanginot2@apple.com,(837) 1513513
248655,Herschel Caselick,Male,12/10/1945,hcaselick3@xrea.com,(910) 5657816
248656,Ellwood Humbie,Male,9/2/1992,ehumbie4@guardian.co.uk,
248657,Lorin Nacey,Male,5/23/1970,lnacey5@youku.com,(646) 5055618
248658,Averyl Fatkin,Female,10/7/1954,afatkin6@comcast.net,(439) 7605736
248659,Shoshanna Quin,Female,3/30/1965,squin7@t-online.de,
248660,Clarissa McKennan,Non-binary,7/8/1988,cmckennan8@unicef.org,(211) 6489614
248661,Harp Breffit,Male,10/25/1983,hbreffit9@reuters.com,(801) 7332301
248662,Eberto Nise,Non-binary,6/20/2008,enisea@nydailynews.com,(716) 8577475
248663,Florie Grist,Female,1/4/1955,fgristb@ucsd.edu,(795) 7339421
248664,Tommy Greenman,Female,4/25/1973,tgreenmanc@abc.net.au,(660) 1863103
248665,Darby Kibard,Female,11/1/2017,dkibardd@forbes.com,(677) 8677993
248666,Evania Donati,Female,6/8/1935,edonatie@howstuffworks.com,(700) 9800410
248667,Tyler Angrave,Male,6/8/1979,tangravef@multiply.com,(655) 7218325
248668,Hube Isakov,Male,9/6/2014,hisakovg@tuttocitta.it,
248669,Hanna MacCarlich,Female,5/22/1944,hmaccarlichh@zimbio.com,
248670,Nadean Moxted,Female,5/8/2006,nmoxtedi@unicef.org,(937) 1084624
248671,Greg Fannon,Non-binary,7/12/1973,gfannonj@lulu.com,(634) 3887211
248672,Edouard Hanton,Male,12/7/1951,ehantonk@jugem.jp,(658) 1041180
248673,Bryon Iverson,Male,9/3/1961,biversonl@google.co.jp,
248674,Kristoforo Swainger,Male,10/3/1934,kswaingerm@cargocollective.com,(945) 9763154
248675,Dorie Wawer,Female,4/6/1937,dwawern@com.com,(698) 1359056
248676,Fielding Buff,Male,12/15/1958,,(764) 3899987
248677,Hayyim Kingdom,Male,5/4/1967,hkingdomp@examiner.com,(402) 4077283
248678,Clementine Iddens,Female,9/2/1996,ciddensq@facebook.com,(864) 5094761
248679,Lezlie Rodger,Female,4/21/1960,lrodgerr@about.com,(217) 3483588
248680,Lemmy Unstead,Male,2/13/1972,lunsteads@fastcompany.com,(550) 7213634
248681,Portia Cherrison,Female,7/27/1931,,
248682,Fianna Brinded,Female,7/7/1936,fbrindedu@berkeley.edu,(420) 5072204
248683,Ambrosius Fewings,Male,3/23/1987,,(886) 7978167
248684,Rahel Gilardoni,Female,1/23/1975,rgilardoniw@narod.ru,(548) 4861761
248685,Dulce Harries,Female,2/11/1970,dharriesx@blogger.com,(752) 2815641
248686,Horten Hayles,Male,12/11/1962,hhaylesy@nature.com,(632) 8279027
248687,Christy Pinner,Non-binary,9/15/1997,cpinnerz@constantcontact.com,(480) 6631406
248688,Noami Bone,Female,6/24/2005,nbone10@bing.com,(471) 6476000
248689,Krishna Chrystie,Male,4/10/1940,kchrystie11@ovh.net,(533) 6648544
248690,Steffane Duley,Female,10/19/1985,sduley12@cafepress.com,(759) 7528693
248691,Anthiathia Rogeon,Female,6/13/1973,arogeon13@yellowpages.com,(296) 1328676
248692,Marthe Gravet,Female,5/19/1955,,(935) 1396342
248693,Lizzie Battin,Female,8/16/1977,lbattin15@europa.eu,(648) 1184729
248694,Wit Videler,Male,7/20/1953,wvideler16@scientificamerican.com,(527) 4726220
248695,Kelsey Kovalski,Non-binary,9/7/1986,kkovalski17@youku.com,(451) 1827188
248696,Petronilla Petrazzi,Female,9/15/1963,,(715) 1248438
248697,Fabiano Gumley,Male,8/22/1943,fgumley19@hud.gov,(752) 7874653
248698,Hyman Lambert,Male,2/28/1939,hlambert1a@privacy.gov.au,
248699,Archer Marikhin,Non-binary,2/7/1982,amarikhin1b@cbc.ca,(830) 7576588
248700,Felicia Carwithim,Female,4/13/1985,,
248701,Von Juckes,Male,5/10/1978,vjuckes1d@apache.org,(968) 1177319
248702,Emily Bondley,Female,9/28/2006,ebondley1e@blog.com,(231) 2658570
248703,Joanne Hofer,Female,8/4/1942,jhofer1f@msn.com,(108) 1302199
248704,Karen Airton,Female,2/22/1971,,(217) 9681453
248705,Gabi Moakson,Male,11/16/1987,,(308) 4666713
248706,Alister Jewise,Male,2/11/1990,ajewise1i@ucoz.com,(118) 6147143
248707,Rosalynd Peterson,Non-binary,12/2/1991,rpeterson1j@smh.com.au,(711) 9453410
248708,Ellswerth Tidmas,Male,1/26/1997,,(233) 1664435
248709,Anna-diane Queripel,Female,7/18/2010,aqueripel1l@quantcast.com,(574) 8028892
248710,Fredrick Drabble,Male,6/27/1954,fdrabble1m@pen.io,(263) 7665297
248711,Ekaterina Gayton,Female,9/27/2009,egayton1n@hp.com,
248712,Rozina Bantham,Female,9/22/1952,rbantham1o@example.com,(901) 6621786
248713,Laurens Bernardotte,Male,10/9/1944,lbernardotte1p@liveinternet.ru,(353) 2832217
248714,Eleanore Goodenough,Female,7/12/1997,egoodenough1q@gmpg.org,(452) 7385574
248715,Rayner Mullan,Male,3/4/1944,rmullan1r@soundcloud.com,
248716,Nadeen McCalum,Female,4/23/2017,nmccalum1s@bing.com,(517) 1190898
248717,Ashton Bazire,Male,1/14/1960,abazire1t@reuters.com,
248718,Susan Rivitt,Female,1/9/1941,srivitt1u@digg.com,(631) 7062440
248719,Aland Jennaroy,Male,1/29/1996,ajennaroy1v@zdnet.com,
248720,Joannes Tuberfield,Female,7/6/1942,jtuberfield1w@auda.org.au,(742) 7016172
248721,Cori Beveridge,Female,9/20/1965,cbeveridge1x@zimbio.com,(849) 5441943
248722,Meade Smardon,Male,1/27/1977,msmardon1y@nih.gov,(266) 9735074
248723,Shelly Bruineman,Female,11/18/1962,sbruineman1z@purevolume.com,(940) 8512690
248724,Grantley Hablot,Male,11/20/1960,ghablot20@cafepress.com,(811) 9814827
248725,Evered Halwill,Non-binary,7/10/1955,ehalwill21@t.co,(397) 6972936
248726,Kayla Lawford,Female,7/15/1947,klawford22@freewebs.com,(504) 5975762
248727,Holt Nortunen,Male,11/22/1939,hnortunen23@reference.com,(933) 2799614
248728,Silvio Parmiter,Male,2/27/1952,,(170) 2348651
248729,Lauri Cicconettii,Female,8/29/2007,lcicconettii25@paginegialle.it,
248730,Catherin Tombleson,Female,2/25/1988,ctombleson26@google.cn,(173) 2378401
248731,Cally Levicount,Female,5/30/2012,clevicount27@si.edu,(206) 4240026
248732,Milly Mosson,Female,12/20/1973,mmosson28@clickbank.net,(512) 9544709
248733,Lyon Bolgar,Male,5/9/1940,lbolgar29@jalbum.net,
248734,Steward Volage,Male,1/27/1938,svolage2a@google.com.au,(944) 4876742
248735,Terry Gowanson,Female,2/19/2015,tgowanson2b@army.mil,(561) 8689209
248736,Hastie Di Ruggiero,Male,11/20/1938,hdi2c@virginia.edu,
248737,Rosemarie Codner,Female,4/27/1946,rcodner2d@opera.com,(421) 4781417
248738,Deloria Losbie,Female,1/5/1946,dlosbie2e@homestead.com,(533) 8272667
248739,Abel Fossord,Male,7/3/1971,afossord2f@addthis.com,(708) 8519179
248740,Lorenza Mullord,Female,2/6/1945,lmullord2g@furl.net,(290) 5287072
248741,Demetre McGarvey,Non-binary,3/3/1964,dmcgarvey2h@acquirethisname.com,(487) 9095127
248742,Nana Calway,Female,11/25/1996,ncalway2i@unblog.fr,(134) 2032143
248743,Byram Pressman,Male,2/19/1945,bpressman2j@hhs.gov,(185) 4692945
248744,Rivy Pershouse,Female,10/13/1966,rpershouse2k@plala.or.jp,(612) 7050269
248745,Edlin Curnok,Male,3/4/1990,,(822) 9008123
248746,Artemas Garside,Non-binary,7/28/1990,agarside2m@ucsd.edu,(458) 1883000
248747,Roanna Papworth,Non-binary,5/1/1970,rpapworth2n@bloglines.com,
248748,Dunc Wadsworth,Male,5/12/1931,dwadsworth2o@dot.gov,(379) 4121416
248749,Andreas Allardyce,Male,7/19/1990,aallardyce2p@opera.com,(432) 2979337
248750,Florrie Harwick,Female,4/25/1956,fharwick2q@ycombinator.com,(485) 2910745
248751,Terri-jo Pretswell,Female,8/16/2008,tpretswell2r@yellowpages.com,(662) 5667014
248752,Aurelia Beedon,Female,8/23/1986,abeedon2s@angelfire.com,(267) 5481424
248753,Melania Lindeman,Female,12/6/1948,mlindeman2t@facebook.com,(725) 2706617
248754,Lonna Probert,Female,5/24/2017,lprobert2u@goodreads.com,(244) 4968862
248755,Davide Feasey,Non-binary,9/26/1930,dfeasey2v@wunderground.com,(101) 2827644
248756,Rori Slainey,Female,2/28/1975,rslainey2w@state.tx.us,(650) 1760341
248757,Daren Temlett,Male,6/13/1954,dtemlett2x@springer.com,(646) 1500028
248758,Cosetta Satterthwaite,Non-binary,11/24/1981,,
248759,Tedi Poile,Female,1/31/1968,tpoile2z@infoseek.co.jp,(507) 4741466
248760,Benedetta Watkin,Female,4/16/1991,bwatkin30@delicious.com,(995) 5910501
248761,Ben Howlett,Non-binary,7/21/2003,,(649) 3665217
248762,Nial Brasener,Non-binary,4/30/1935,nbrasener32@stanford.edu,(938) 6628603
248763,Chere Fransoni,Female,10/24/1943,cfransoni33@comsenz.com,(719) 2419250
248764,Silvester Livings,Male,1/2/1947,,(999) 5082492
248765,Nickolaus Pordal,Male,5/16/2015,,(160) 9288311
248766,Norman Jaspar,Male,12/12/2010,njaspar36@accuweather.com,(347) 8442566
248767,Broddie Sullens,Male,7/15/1948,,(696) 3584775
248768,Halsey Daal,Male,3/6/1963,hvan38@angelfire.com,(694) 8300391
248769,Thaine Dincey,Male,9/14/1993,tdincey39@bloglines.com,(676) 3280068
248770,Sandye Clempton,Female,4/9/1964,sclempton3a@ebay.co.uk,(307) 1886302
248771,Dannye Scargill,Female,2/20/1930,dscargill3b@dmoz.org,
248772,Glenine Laite,Female,11/3/1996,glaite3c@hubpages.com,(503) 7510440
248773,Gaultiero MacNeilage,Male,6/28/2014,,(949) 3149465
248774,Austin Rysdale,Female,10/24/1941,arysdale3e@geocities.jp,(841) 1132071
248775,Arlee Kenforth,Female,12/28/1994,akenforth3f@java.com,(593) 7416105
248776,Joellen Saggs,Female,9/15/1971,jsaggs3g@xinhuanet.com,(644) 5289959
248777,Myrle Eastman,Female,3/17/1961,meastman3h@nps.gov,
248778,Nanette Drains,Non-binary,6/9/1958,ndrains3i@stumbleupon.com,(138) 6090078
248779,Kara Boag,Female,10/15/1935,kboag3j@unc.edu,(874) 3972658
248780,Glennis Feron,Female,12/29/1996,gferon3k@ox.ac.uk,(263) 4087596
248781,Alvis MacGown,Non-binary,3/16/1970,amacgown3l@yolasite.com,(921) 4491929
248782,Henriette Bamlet,Female,2/4/2002,hbamlet3m@theglobeandmail.com,(144) 8789016
248783,Les Steade,Male,11/4/1958,lsteade3n@flavors.me,(233) 7751222
248784,Aleda Goreway,Female,9/23/1948,agoreway3o@youtube.com,(217) 9495666
248785,Briggs Jore,Male,6/23/2004,bjore3p@wiley.com,
248786,Hertha Seldner,Female,6/14/1971,hseldner3q@moonfruit.com,(527) 7822708
248787,Pietro Summerson,Male,9/30/1989,psummerson3r@gnu.org,(885) 4317802
248788,Pail Bedford,Male,4/2/2017,pbedford3s@vistaprint.com,(788) 2829044
248789,Blair aManger,Male,1/30/1969,bamanger3t@google.ca,(359) 7825910
248790,Berny McCaffery,Male,4/19/2006,bmccaffery3u@surveymonkey.com,(560) 9362140
248791,Selby Benka,Male,8/24/1974,sbenka3v@github.com,
248792,Lurleen Pimerick,Female,5/12/1961,lpimerick3w@wired.com,(788) 4790419
248793,Kingsley Romera,Male,2/14/1938,kromera3x@wired.com,(249) 9072128
248794,Ronny Dallon,Male,1/21/1936,rdallon3y@engadget.com,(566) 1154825
248795,Steffi Vernall,Female,7/8/1992,svernall3z@nhs.uk,(800) 6825961
248796,Morlee Hartigan,Male,10/3/1934,,(619) 6809869
248797,Virgie Bayless,Female,11/16/1994,vbayless41@hostgator.com,(711) 1589028
248798,Clerc Wolverson,Male,3/3/1963,,
248799,Martyn Jindacek,Male,7/9/1964,mjindacek43@nature.com,(941) 2011664
248800,Humfrid Bellie,Male,3/25/1994,hbellie44@mapy.cz,(956) 4422651
248801,Killy Gregg,Male,7/8/1949,kgregg45@independent.co.uk,(738) 1652159
248802,Ade Alfonsetti,Male,4/30/1952,aalfonsetti46@skyrock.com,(122) 3282084
248803,Chlo Stodit,Female,11/8/2003,cstodit47@geocities.jp,(835) 3260288
248804,Emilia Maben,Female,1/22/1981,emaben48@sfgate.com,(996) 8650889
248805,Falkner Rudham,Male,9/23/1966,frudham49@about.com,(398) 9161578
248806,Gena Jackson,Female,3/12/1968,gjackson4a@vimeo.com,(635) 5354933
248807,Geneva Kellick,Female,6/19/1954,gkellick4b@aboutads.info,(323) 7250060
248808,Pembroke Elves,Male,7/14/2010,pelves4c@dailymotion.com,
248809,Aleda Sapsforde,Female,7/26/1972,asapsforde4d@merriam-webster.com,(485) 7558171
248810,Sergeant Caw,Male,10/13/1989,,(252) 5852996
248811,Garreth Vasyutichev,Male,10/12/2004,,
248812,Quintilla Younger,Female,6/27/1946,,(228) 8757333
248813,Wallie Curbishley,Male,8/8/2017,wcurbishley4h@google.pl,(466) 5650916
248814,Maxy Antic,Male,10/4/1971,mantic4i@de.vu,(146) 8069946
248815,Britt Boullen,Female,11/10/1962,bboullen4j@google.de,(339) 6645677
248816,Xever Shillington,Male,7/18/1951,xshillington4k@studiopress.com,(839) 1585580
248817,Antonia Stainton,Female,10/2/1986,astainton4l@sitemeter.com,(657) 2486058
248818,Dionysus Breckon,Male,8/24/1963,dbreckon4m@addtoany.com,(138) 6510858
248819,Raddy Curryer,Male,9/13/2010,rcurryer4n@devhub.com,(377) 2401632
248820,Francyne Heinle,Female,8/4/1976,,(214) 5555591
248821,Ansell Peidro,Male,8/8/2000,apeidro4p@twitpic.com,(107) 2251079
248822,Allene Vye,Female,6/3/1988,avye4q@youtube.com,(608) 1145676
248823,Floria Aikenhead,Female,7/5/1976,faikenhead4r@nyu.edu,(998) 5913341
248824,Calla Domingues,Female,8/16/1958,cdomingues4s@cmu.edu,(495) 7850681
248825,Baxy Petow,Male,3/6/1964,bpetow4t@sfgate.com,
248826,Chester Gumly,Male,8/1/1930,cgumly4u@360.cn,
248827,Rhianon Grieve,Female,9/17/1982,rgrieve4v@xrea.com,(506) 9445585
248828,Fonzie Evesque,Male,5/16/1988,fevesque4w@icio.us,(141) 8387297
248829,Sigismund Ewart,Male,9/2/1934,sewart4x@digg.com,(982) 5707858
248830,Randie Gillean,Female,1/28/1962,rgillean4y@globo.com,(486) 2468008
248831,Mitchel Strangeways,Male,3/14/1935,mstrangeways4z@yale.edu,(215) 9494656
248832,Tedda Toplin,Female,10/4/1990,ttoplin50@altervista.org,(936) 8451487
248833,Ax Clissett,Male,11/19/1973,,
248834,Jameson Klewer,Male,7/31/1943,jklewer52@pen.io,(194) 1637645
248835,Muire Kubiczek,Female,11/28/1954,mkubiczek53@yahoo.com,(308) 4302686
248836,Colette Hansill,Female,4/16/1959,chansill54@qq.com,(832) 7487680
248837,Yulma Petchell,Male,3/20/1949,ypetchell55@umn.edu,(183) 6290856
248838,Tammi Cooney,Female,9/15/1962,tcooney56@msu.edu,(103) 9883724
248839,Rowney Hamer,Male,11/4/1946,rhamer57@oakley.com,(520) 8657738
248840,Marje Kerley,Female,7/30/1991,mkerley58@list-manage.com,(158) 4116892
248841,Ferris Andryushchenko,Male,5/6/1983,fandryushchenko59@mac.com,(234) 3017635
248842,Corney Copplestone,Male,1/31/1964,ccopplestone5a@google.com.hk,
248843,Lanie Roskell,Female,9/22/1934,lroskell5b@umich.edu,(475) 8761619
248844,Mahala Fairweather,Female,5/3/1952,mfairweather5c@ning.com,(683) 9113131
248845,Christin Edmonstone,Female,2/22/2012,cedmonstone5d@ihg.com,(826) 5229074
248846,Adelaida Morigan,Female,6/19/1995,amorigan5e@merriam-webster.com,(207) 9607185
248847,Adrienne Drysdell,Female,10/22/2011,adrysdell5f@rambler.ru,(963) 6735500
248848,Hamil Highway,Male,6/19/2002,hhighway5g@shareasale.com,(964) 4395336
248849,Dode Druhan,Female,4/20/1932,ddruhan5h@moonfruit.com,(630) 3473441
248850,Alec Lightowlers,Male,1/19/1948,alightowlers5i@cbsnews.com,
248851,Feodor Sawnwy,Male,7/29/1984,fsawnwy5j@ow.ly,(437) 9178357
248852,Bernie Gladeche,Female,9/29/1965,bgladeche5k@shinystat.com,(557) 1328354
248853,Dalston Austin,Male,11/9/1948,daustin5l@trellian.com,(773) 3280808
248854,Jacinta Babber,Female,10/20/1960,jbabber5m@amazon.com,(262) 4510873
248855,Callida Orrett,Female,10/5/1972,corrett5n@chronoengine.com,(955) 7336778
248856,Dinny Pien,Non-binary,5/28/2006,dpien5o@dedecms.com,
248857,Alisander Gatfield,Male,8/26/1982,agatfield5p@army.mil,(191) 4773520
248858,Audi Howse,Female,3/27/1997,ahowse5q@symantec.com,
248859,Jose Giacomucci,Male,1/8/1973,jgiacomucci5r@aol.com,
248860,Darrel Teale,Male,5/13/1962,dteale5s@samsung.com,(721) 6826361
248861,Averyl Lantiffe,Non-binary,8/24/1984,alantiffe5t@vkontakte.ru,(348) 3391485
248862,Sherwynd Egginton,Male,9/22/1952,segginton5u@yelp.com,(303) 4254182
248863,Jacobo McNea,Male,10/29/1976,jmcnea5v@edublogs.org,(261) 6416704
248864,Helen-elizabeth Duigan,Female,10/10/1996,hduigan5w@discovery.com,(179) 8049550
248865,Felisha Vautin,Female,8/8/1936,fvautin5x@facebook.com,(334) 3652627
248866,Kipper Sleford,Male,7/1/1974,ksleford5y@de.vu,(594) 2312287
248867,Herc Alker,Male,10/29/1965,halker5z@tmall.com,(789) 9692692
248868,Teena Killerby,Female,10/1/2010,tkillerby60@feedburner.com,(827) 1192039
248869,Michele Chipman,Male,6/19/1964,mchipman61@sciencedaily.com,(285) 9503455
248870,Ermanno Tomasicchio,Male,7/19/1960,etomasicchio62@canalblog.com,(348) 2180539
248871,Bendite Beagrie,Female,11/26/1969,bbeagrie63@photobucket.com,(570) 5628919
248872,Minerva Halliwell,Female,10/22/2012,mhalliwell64@ted.com,(605) 7523721
248873,Andrea Bavage,Male,12/5/1978,abavage65@thetimes.co.uk,(948) 5764519
248874,Chaddie Brotheridge,Male,2/20/1981,cbrotheridge66@quantcast.com,(409) 4791198
248875,Trev Kunrad,Male,3/27/1935,tkunrad67@fc2.com,(666) 9227761
248876,Ailee Isham,Female,1/8/1940,aisham68@sourceforge.net,
248877,Brittany Jull,Female,9/1/2001,bjull69@icio.us,(713) 9656178
248878,Windy Innman,I Do Not Wish To Answer,2/9/1958,winnman6a@nbcnews.com,(431) 3988156
248879,Randie Bimson,Non-binary,7/31/2005,rbimson6b@yale.edu,(295) 9706859
248880,Bernadina Fleetwood,Non-binary,8/14/1983,bfleetwood6c@wisc.edu,(757) 9950828
248881,Eva Baptist,Non-binary,9/28/1999,ebaptist6d@ihg.com,(354) 6236515
248882,Cathee Lindbergh,Female,6/18/1962,clindbergh6e@nasa.gov,(854) 6304116
248883,Hestia Pashan,Female,7/31/1999,hpashan6f@washington.edu,
248884,Dag O'Sherin,Male,11/14/1938,dosherin6g@vk.com,(894) 5377033
248885,Bari Channing,Female,2/6/1976,bchanning6h@illinois.edu,(488) 3410790
248886,Bond Ducastel,Male,12/10/1993,,(825) 7654949
248887,Marlene Lambotin,Female,7/6/1987,mlambotin6j@fda.gov,(502) 1630167
248888,Pattin McGow,Male,6/18/2016,pmcgow6k@oaic.gov.au,(420) 8223557
248889,Denys Ellsom,Male,9/14/1999,,(300) 9752870
248890,Leann Attenbrough,Female,5/10/1942,lattenbrough6m@ning.com,(514) 3458694
248891,Arabelle Carrell,Female,1/9/1998,acarrell6n@lycos.com,
248892,Allin Hubback,Male,6/23/1966,ahubback6o@nydailynews.com,
248893,Mathilda Cambling,Female,5/22/1956,,(229) 2908922
248894,Lishe Shorto,I Do Not Wish To Answer,5/4/1975,lshorto6q@sakura.ne.jp,(997) 5307117
248895,Enoch Dalgleish,Male,1/17/1996,edalgleish6r@ameblo.jp,
248896,Tove Tellesson,Female,5/21/1932,ttellesson6s@wired.com,(604) 1184646
248897,Wood Martin,Male,1/28/1932,wmartin6t@webnode.com,(833) 7053534
248898,Monro Aggas,Male,9/3/2001,maggas6u@issuu.com,(760) 1569588
248899,Flynn Jandera,Male,8/31/2005,fjandera6v@redcross.org,(382) 2862504
248900,Jacquelin Forstall,I Do Not Wish To Answer,3/13/2017,jforstall6w@columbia.edu,(401) 7747290
248901,Dana Thurnham,Female,2/1/2010,dthurnham6x@irs.gov,(137) 7016017
248902,Thedrick Fazzioli,Male,7/9/1987,tfazzioli6y@hexun.com,(923) 9175031
248903,Sully Hover,Male,12/23/1937,shover6z@typepad.com,(741) 6879887
248904,Althea Bugbird,Non-binary,9/20/1932,abugbird70@washington.edu,
248905,Fanni Ewing,Female,10/20/1996,fewing71@google.com,
248906,Jessie Meegin,Non-binary,4/24/2007,jmeegin72@cnn.com,
248907,Jackelyn Cornner,Female,8/1/1972,,(961) 6320946
248908,Konstantin Sturges,Non-binary,8/31/1995,ksturges74@cbc.ca,
248909,Howard Jardin,Male,3/24/2001,hjardin75@privacy.gov.au,(737) 8965135
248910,Enrico Mion,Male,5/8/1989,emion76@twitter.com,(970) 7769347
248911,Modestia Smalman,Female,1/20/1969,msmalman77@multiply.com,(946) 4986498
248912,Corine Kidston,Female,2/23/1995,ckidston78@theatlantic.com,(846) 9596635
248913,Blinny Roughley,Female,5/5/2009,broughley79@chicagotribune.com,(792) 4549882
248914,Robby Pendrey,Male,12/5/1948,rpendrey7a@independent.co.uk,(897) 1126956
248915,Gabbie Mowson,Female,7/17/2014,gmowson7b@yandex.ru,(180) 6100380
248916,Rustin McAvinchey,Male,9/25/1972,rmcavinchey7c@imageshack.us,(764) 8805943
248917,Tarra Petasch,Female,6/15/2012,tpetasch7d@bigcartel.com,
248918,Albert Calver,Male,9/20/1963,,(554) 7392467
248919,Rosetta Beniesh,Female,3/19/1984,rbeniesh7f@alexa.com,(708) 2557557
248920,Nico Utridge,Male,7/7/2011,nutridge7g@is.gd,(315) 1301454
248921,Merrili Baike,Female,1/15/2001,mbaike7h@1und1.de,(801) 9358806
248922,Michale Gouinlock,Male,9/1/1956,mgouinlock7i@github.com,(825) 1065650
248923,Beale Spalding,Male,2/8/1995,bspalding7j@networkadvertising.org,(895) 2119858
248924,Osbourne Navaro,Male,12/24/1948,,
248925,Sheff Stares,Male,5/30/1979,sstares7l@liveinternet.ru,(352) 1978034
248926,Giusto Nockolds,Male,8/29/1968,gnockolds7m@comsenz.com,(691) 2029060
248927,Torin Furst,Male,9/13/1983,tfurst7n@mit.edu,
248928,Abbie Millson,Male,10/22/1983,amillson7o@foxnews.com,(448) 3161912
248929,Nicolai Poulgreen,Non-binary,4/24/1959,npoulgreen7p@google.com,(842) 3702111
248930,Mavis Vagg,Female,7/1/1952,mvagg7q@constantcontact.com,
248931,Fidela Boughey,Female,12/8/1971,fboughey7r@disqus.com,(727) 7425661
248932,Elyse Bednell,Female,9/17/1976,ebednell7s@about.me,(541) 3644125
248933,Arv Massei,Male,3/24/1997,amassei7t@studiopress.com,(997) 1400375
248934,Zulema Farrar,Female,7/11/2011,zfarrar7u@princeton.edu,(581) 9982308
248935,Diane Guyonnet,Female,5/7/1948,dguyonnet7v@home.pl,(267) 6186753
248936,Coretta Ruilton,Female,3/13/1955,,(423) 8759760
248937,Kim Thaine,Male,6/24/1981,kthaine7x@netlog.com,(826) 9553316
248938,Randolf O'Reilly,Male,7/10/1986,roreilly7y@walmart.com,(118) 5385513
248939,Randi Dewhurst,Female,10/23/2004,rdewhurst7z@dailymail.co.uk,
248940,Layney Aldham,Female,3/3/2013,laldham80@auda.org.au,(360) 8404332
248941,Quintus McKeaveney,I Do Not Wish To Answer,9/10/1941,qmckeaveney81@soundcloud.com,(817) 5227098
248942,Gordan Lazar,Non-binary,1/10/1962,glazar82@wikimedia.org,(617) 8359470
248943,Audry Dolohunty,Female,10/4/1989,adolohunty83@tmall.com,(239) 9520514
248944,Kimberlee McNysche,Female,8/28/1943,kmcnysche84@irs.gov,(233) 3482365
248945,Thalia Simonsen,Female,8/6/1947,tsimonsen85@free.fr,(646) 7638881
248946,Andris Scad,Male,10/25/1987,ascad86@wufoo.com,
248947,Jaquenetta Maddocks,Female,6/26/1981,jmaddocks87@storify.com,(275) 4850328
248948,Humbert Eley,Male,11/14/2012,,(417) 4672877
248949,Granville Baszkiewicz,Male,3/26/2011,,(932) 1764682
248950,Kendra Fairhurst,Female,5/22/1999,kfairhurst8a@ehow.com,(616) 5052026
248951,Anabal Glas,Non-binary,3/10/1995,aglas8b@macromedia.com,(777) 7639344
248952,Joell Cumber,Non-binary,4/21/2004,jcumber8c@indiatimes.com,
248953,Wilhelmina Pringell,Non-binary,9/29/1993,wpringell8d@usnews.com,(906) 6055450
248954,Lelah Heinicke,Female,5/22/1976,lheinicke8e@fema.gov,
248955,Berkly Thorouggood,Male,7/17/1931,bthorouggood8f@e-recht24.de,(831) 4537218
248956,Merwin Grelka,Male,9/22/1943,mgrelka8g@rediff.com,(775) 7808668
248957,Jammie Oswal,I Do Not Wish To Answer,9/25/1985,joswal8h@networkadvertising.org,
248958,Pebrook Akroyd,Male,7/20/1937,pakroyd8i@gizmodo.com,(253) 9058522
248959,Salmon Kelley,Non-binary,11/20/1986,skelley8j@dion.ne.jp,(422) 6657458
248960,Carmelle Godly,Female,1/3/1959,,(501) 4850250
248961,Dode Rossiter,Female,6/30/2002,drossiter8l@chronoengine.com,(371) 4594066
248962,Prisca Kollasch,Female,12/23/2006,pkollasch8m@prlog.org,(701) 5830314
248963,Chris Arsdalen,Male,2/10/1953,cvan8n@trellian.com,(189) 8545718
248964,Rudolf Grene,Male,10/3/2017,rgrene8o@mediafire.com,(913) 6639962
248965,Hakeem Gresley,Non-binary,1/22/1934,hgresley8p@wiley.com,(588) 1216700
248966,Briggs Waith,Male,12/25/1932,bwaith8q@angelfire.com,(771) 8028077
248967,Elane Hoppner,Female,9/25/1959,ehoppner8r@tripod.com,(158) 9640713
248968,Fara Sepey,Non-binary,2/5/1953,fsepey8s@fastcompany.com,
248969,Hale Biggans,Male,5/30/1972,hbiggans8t@mac.com,(615) 4933118
248970,Daniela Spriggs,Female,1/14/1950,dspriggs8u@vimeo.com,(749) 4275923
248971,Angela Carter,Female,11/23/2007,acarter8v@exblog.jp,
248972,Philip Dumbar,Male,10/2/1950,pdumbar8w@icio.us,(887) 7858876
248973,Chris Mousley,Male,3/6/1963,cmousley8x@plala.or.jp,(850) 9856371
248974,Addison de Marco,Male,10/18/1948,ade8y@wikipedia.org,(812) 6876741
248975,Artie Athey,Male,4/25/1971,aathey8z@blogspot.com,
248976,Kimberlee Louiset,Female,6/29/1996,klouiset90@sina.com.cn,
248977,Marianna Arsdall,Female,12/2/2009,mvan91@t-online.de,(458) 5778158
248978,Yovonnda Bugdale,Female,8/16/1940,ybugdale92@bloglovin.com,(405) 8593557
248979,Sallie Thacker,I Do Not Wish To Answer,2/2/1946,sthacker93@altervista.org,(534) 9283622
248980,Chrisy Raywood,Male,8/18/2010,craywood94@constantcontact.com,
248981,Jonathan Leeke,Male,6/14/1956,jleeke95@homestead.com,(612) 5142336
248982,Halette Levesley,Female,10/8/1950,hlevesley96@addthis.com,(618) 7828537
248983,Christen Creane,Female,3/17/1963,ccreane97@trellian.com,
248984,Chick Eberle,Male,11/16/2006,,(237) 9960231
248985,Helaina Gini,Female,4/1/1988,hgini99@amazon.de,(335) 8019393
248986,Simmonds Malzard,Male,8/23/1944,smalzard9a@who.int,(596) 4853523
248987,Derrik Mundow,Male,9/10/2008,,(131) 1456024
248988,Ardenia Ballam,Female,12/14/1951,aballam9c@washington.edu,(613) 1045095
248989,Leandra Brambell,Non-binary,9/16/1972,,
248990,Sosanna Tarney,Female,11/2/1936,starney9e@dell.com,(336) 3162361
248991,Stephenie Polgreen,Female,8/19/2012,spolgreen9f@scientificamerican.com,(303) 1418988
248992,Kearney Formie,Male,3/29/1943,kformie9g@simplemachines.org,(375) 3014319
248993,Wenona Caistor,Female,10/4/1997,wcaistor9h@businessinsider.com,
248994,Ximenez Oxenbury,Male,11/4/1936,xoxenbury9i@dell.com,(897) 4572003
248995,Burlie Rajchert,Male,12/20/1992,brajchert9j@amazon.co.jp,(661) 4712228
248996,Cayla Smitheram,Female,11/27/1937,csmitheram9k@angelfire.com,(261) 6910539
248997,Starr Obern,Female,2/11/1940,sobern9l@census.gov,(231) 2011938
248998,Fiorenze Dendle,I Do Not Wish To Answer,8/31/1942,fdendle9m@yellowpages.com,(776) 7813904
248999,Mose Styant,Male,12/24/1938,mstyant9n@wordpress.org,(524) 1729705
249000,Thibaut Scafe,Male,1/5/1973,tscafe9o@netvibes.com,(458) 9641992
249001,Sib Boxhill,Female,10/9/1984,sboxhill9p@patch.com,(414) 3709297
249002,Marilin Malt,Female,12/20/1963,mmalt9q@yale.edu,(318) 1240221
249003,Mil Theriot,Female,6/25/1939,mtheriot9r@stumbleupon.com,(753) 3099353
249004,Jewel Crommett,Non-binary,6/8/1937,jcrommett9s@is.gd,(442) 8837783
249005,Cassondra Keach,Female,6/17/2012,ckeach9t@theatlantic.com,(289) 6417836
249006,Janenna Daulby,Female,5/4/1933,jdaulby9u@is.gd,(716) 2890916
249007,Annetta Dyte,Non-binary,6/18/2005,adyte9v@bandcamp.com,(318) 4137075
249008,Roxie Riddeough,Female,7/25/1972,rriddeough9w@homestead.com,(111) 1712774
249009,Lin Berends,I Do Not Wish To Answer,10/20/1931,lberends9x@gov.uk,(146) 1671158
249010,Prissie Danilewicz,Female,3/19/1942,pdanilewicz9y@technorati.com,(895) 2182705
249011,Alyss Cleveland,Female,3/6/2012,,(245) 3803643
249012,Daphene Charle,Non-binary,1/28/1985,dcharlea0@rediff.com,(697) 3873087
249013,Burk Paridge,Male,9/30/1980,bparidgea1@sun.com,(813) 6723927
249014,Lana Lesser,Female,7/16/1964,llessera2@nationalgeographic.com,
249015,Mathilde Rosencrantz,Female,10/18/1991,mrosencrantza3@nhs.uk,(693) 5275339
249016,Claudelle Kirgan,Non-binary,10/28/2008,ckirgana4@freewebs.com,(786) 1384142
249017,Lexie Shemwell,Female,4/28/1946,lshemwella5@vkontakte.ru,(761) 2923741
249018,Della Lempertz,Female,4/27/1960,,(100) 2008483
249019,Garrot Stoeckle,Male,7/12/1993,,(832) 5670753
249020,Gal Swayton,Male,4/22/1950,gswaytona8@about.com,
249021,Nalani Drogan,Non-binary,5/18/1945,ndrogana9@globo.com,(415) 6557696
249022,Gaye Dever,Female,11/10/1994,gdeveraa@biglobe.ne.jp,(442) 1122114
249023,Seline Arrol,Female,6/3/1940,sarrolab@live.com,
249024,Martha Plumm,Female,5/12/2001,mplummac@pen.io,(416) 1372828
249025,Elizabeth Chettle,Female,6/11/1983,echettlead@businessweek.com,(613) 7246492
249026,Worth Sharpin,Male,3/30/2017,wsharpinae@mit.edu,(777) 9966565
249027,Mylo Luckey,Male,9/16/1941,mluckeyaf@geocities.com,(144) 5877962
249028,Juanita Tanser,Female,6/19/1961,jtanserag@jigsy.com,(365) 1796549
249029,Pavlov Harmon,Male,7/8/2001,pharmonah@engadget.com,(552) 2844895
249030,Dermot Bartlosz,Male,9/25/1972,dbartloszai@ftc.gov,(147) 1782964
249031,Opalina Mugg,Female,2/17/1968,omuggaj@xinhuanet.com,(979) 9560882
249032,Regen Learned,Male,9/20/1982,rlearnedak@mapy.cz,(715) 1586159
249033,Julietta Ollivierre,Female,10/15/1997,jollivierreal@engadget.com,(148) 8259102
249034,Harmon Eglin,Male,8/2/2007,heglinam@tripadvisor.com,(134) 3266083
249035,Parker Paynton,Male,3/17/1969,ppayntonan@examiner.com,(493) 1725162
249036,Glynis Tuther,Female,6/11/1993,gtutherao@nih.gov,(706) 6708008
249037,Gustaf Caddies,Male,3/16/1984,gcaddiesap@seesaa.net,(205) 6443766
249038,Emory Brando,Male,12/16/1977,ebrandoaq@buzzfeed.com,(334) 7039271
249039,Nikolaus Maeer,Male,11/10/1969,nmaeerar@weibo.com,(895) 1094979
249040,Valdemar Palatino,Male,9/23/1985,vpalatinoas@prnewswire.com,(578) 2712864
249041,Laina Apdell,Female,7/25/1961,lapdellat@disqus.com,(264) 7748988
249042,Cassandra Stivens,Female,12/2/2015,cstivensau@delicious.com,(873) 5107055
249043,Derrick Houchen,Male,11/6/2011,dhouchenav@fc2.com,(591) 8148190
249044,Constanta Storch,Female,1/28/1962,cstorchaw@unesco.org,(212) 4614793
249045,Claudio Downes,Male,9/7/1947,cdownesax@xrea.com,(206) 6431722
249046,Laural Willerton,Female,11/9/1990,lwillertonay@fotki.com,(913) 5699198
249047,Nathanael McTeggart,Male,5/9/1987,nmcteggartaz@fastcompany.com,(784) 3032491
249048,Winfield Stienton,Male,6/13/2003,wstientonb0@networkadvertising.org,(176) 3316598
249049,Beauregard Gooley,Male,1/30/1943,bgooleyb1@yelp.com,
249050,Vivyanne Lodden,Female,10/8/1933,vloddenb2@google.fr,(241) 8666788
249051,Ricky Stiegar,Female,4/20/1958,rstiegarb3@webs.com,(562) 7470698
249052,Erroll Tritton,Male,3/18/1931,,(458) 6162120
249053,Batholomew Ixer,Male,3/7/1935,bixerb5@google.nl,(303) 2946974
249054,Nathaniel Matteau,Male,8/26/1944,nmatteaub6@tumblr.com,(409) 6996804
249055,Wilmar Hampson,Male,9/30/1998,whampsonb7@liveinternet.ru,(213) 9676453
249056,Doralin Mitchiner,Female,11/19/2000,dmitchinerb8@skyrock.com,(307) 1225101
249057,Herminia Bricklebank,Female,1/4/1958,hbricklebankb9@time.com,(472) 6655150
249058,Kenon Barmadier,Male,1/7/1940,kbarmadierba@wix.com,(387) 9592511
249059,Gabie Andriss,Male,4/16/1965,gandrissbb@chronoengine.com,(703) 3168579
249060,Gertrude Farnin,Female,8/15/1995,gfarninbc@youku.com,(579) 6769972
249061,Lizbeth Snaden,Non-binary,8/9/2002,,(303) 6499272
249062,Augie Wasselin,Male,8/6/1972,awasselinbe@harvard.edu,(972) 9450137
249063,Sigfried Cleare,Male,6/24/1983,sclearebf@webmd.com,(103) 9110071
249064,Hayden Stuffins,Male,12/15/1987,hstuffinsbg@networksolutions.com,(540) 8485775
249065,Salim Martinot,Male,7/17/1957,smartinotbh@oracle.com,(785) 4951687
249066,Dacie Wallington,Female,2/5/1937,,(484) 2523544
249067,Desiri Doogood,Female,9/27/1958,ddoogoodbj@admin.ch,(364) 7643863
249068,Kaspar Estcourt,Male,12/3/1986,kestcourtbk@facebook.com,(728) 8990442
249069,Verene Smeath,Female,9/8/2009,vsmeathbl@youtube.com,(930) 8234678
249070,Sal Barkway,Female,6/3/2010,sbarkwaybm@gmpg.org,(582) 3035825
249071,Laurella Grevatt,Female,9/3/2003,lgrevattbn@deliciousdays.com,(852) 4070624
249072,Kendell Looney,Male,1/27/1988,klooneybo@flavors.me,(973) 1160343
249073,Dion Devonshire,Male,7/9/1980,ddevonshirebp@ameblo.jp,(587) 9023776
249074,Esma Molloy,Female,5/22/2015,emolloybq@dailymotion.com,(563) 9078669
249075,Keefe Wozencraft,Male,11/26/1972,kwozencraftbr@loc.gov,
249076,Lisabeth Bruinsma,Female,3/4/2010,lbruinsmabs@dell.com,(281) 4887942
249077,Darbie Hinstock,Female,12/23/1950,dhinstockbt@multiply.com,(418) 7663486
249078,Roarke Durtnal,Male,6/23/1977,,(348) 5983977
249079,Roslyn Trewett,Female,5/27/2011,rtrewettbv@github.io,(655) 7827640
249080,Anetta Pawley,Female,8/20/1946,apawleybw@redcross.org,(946) 5851667
249081,Parry Lonsdale,Male,10/18/1933,plonsdalebx@geocities.com,
249082,Dorey Ditt,Female,2/16/1939,ddittby@fotki.com,
249083,Jemie Madsen,Female,9/28/1992,jmadsenbz@unesco.org,(104) 9096091
249084,Reinhard Callow,Male,8/24/1987,rcallowc0@mlb.com,(519) 5984693
249085,Fairlie Flounders,Male,5/23/1966,,(890) 7340759
249086,Kerrin Casaccio,Female,7/24/2001,kcasaccioc2@indiatimes.com,
249087,Boone Wattinham,Male,6/18/2009,bwattinhamc3@blogs.com,
249088,Stanfield O'Hollegan,Male,5/16/1937,soholleganc4@amazon.co.uk,(691) 6412696
249089,Winona Rieme,Non-binary,12/20/1955,wriemec5@tiny.cc,(126) 8345046
249090,Sonnie Edlington,Female,12/23/1966,sedlingtonc6@jalbum.net,(505) 3265617
249091,Cecil Copins,Male,11/2/1948,,(252) 5400148
249092,Nicolea Whereat,Female,1/20/1961,,(377) 4854158
249093,Tana Broz,Female,10/17/1959,tbrozc9@apple.com,(451) 7430018
249094,Svend Twigg,Male,7/22/1985,stwiggca@wikispaces.com,(541) 2353852
249095,Aurel Menhenitt,Female,1/11/1943,amenhenittcb@jalbum.net,(968) 3946121
249096,Prentice Inglesfield,Male,2/3/1957,pinglesfieldcc@pen.io,(718) 4237234
249097,Darb Kilmary,Male,6/30/1993,dkilmarycd@behance.net,
249098,Catlaina Bletsoe,Female,5/31/1950,cbletsoece@nymag.com,(594) 7015619
249099,Dani Pimm,Male,5/6/1978,dpimmcf@statcounter.com,(716) 9427526
249100,Devy Ianson,Male,4/7/1952,diansoncg@hexun.com,
249101,Clarey Benez,Non-binary,2/29/1964,cbenezch@hud.gov,(532) 9462608
249102,Galen Bratch,Male,2/7/1952,gbratchci@cnet.com,(562) 8586831
249103,Brittany Freeborn,Female,1/15/1954,bfreeborncj@symantec.com,(578) 7366912
249104,Rochette Wittleton,Female,11/27/1957,rwittletonck@npr.org,(932) 6048754
249105,Jaquith Timoney,Female,12/15/1941,jtimoneycl@mozilla.org,(158) 5113403
249106,Iggie Le Noir,Male,11/3/1942,ilecm@nih.gov,(817) 7276837
249107,Loralie Pepperill,Female,3/3/1972,,(657) 3349516
249108,Ewan McCloid,Male,7/26/1935,emccloidco@dyndns.org,(827) 6263783
249109,Briant Giorgio,Male,6/29/1995,,(129) 4239960
249110,Salvidor Prettyjohn,Male,5/6/2003,,(632) 5922605
249111,Zola Powis,Female,10/23/2015,zpowiscr@sakura.ne.jp,(202) 7646929
249112,Tynan Draysey,Male,3/5/1938,tdrayseycs@telegraph.co.uk,(651) 9668523
249113,Geri Dowtry,Male,4/23/2013,gdowtryct@dedecms.com,(540) 2044058
249114,Priscella Ionnisian,Female,7/27/2007,pionnisiancu@mediafire.com,(246) 3252801
249115,Corry Southerden,Female,2/10/1933,csoutherdencv@istockphoto.com,
249116,Allina Goolden,Female,12/10/1979,agooldencw@bluehost.com,
249117,Catlee Rapier,Female,5/25/1999,crapiercx@1688.com,(453) 3772012
249118,Lowe Tremblet,Male,10/22/1996,ltrembletcy@ocn.ne.jp,(711) 2045638
249119,Any McKean,Non-binary,6/8/1940,amckeancz@unblog.fr,(759) 6839889
249120,Alvera Waddam,Female,3/30/1965,awaddamd0@nih.gov,(738) 6360992
249121,Sayre Strettell,I Do Not Wish To Answer,5/26/1995,sstrettelld1@thetimes.co.uk,(369) 9250582
249122,Eileen Scrivener,Female,6/17/1983,escrivenerd2@goodreads.com,(601) 4543989
249123,Sigismond Richford,Male,4/13/1993,srichfordd3@netvibes.com,(585) 5683730
249124,Chantal Pilsworth,Female,9/5/1994,cpilsworthd4@nih.gov,(307) 5070914
249125,Andres ducarme,Male,7/2/1999,aducarmed5@time.com,(606) 6448463
249126,Rufe Shapcott,Male,6/9/1969,rshapcottd6@t-online.de,(636) 3433106
249127,Ivette Dobrowski,Female,9/4/2006,idobrowskid7@histats.com,(289) 8942451
249128,Binnie Osbaldstone,Female,8/22/2000,bosbaldstoned8@fda.gov,(750) 4050789
249129,Silvia Dooler,Female,6/6/2015,sdoolerd9@goo.gl,(697) 7111028
249130,Berna Espie,Female,5/29/1935,bespieda@ameblo.jp,(872) 7098650
249131,Koenraad Assiratti,Male,7/4/1982,kassirattidb@tamu.edu,(387) 6292121
249132,Peyton Huscroft,Non-binary,2/3/1986,phuscroftdc@drupal.org,(632) 5966171
249133,Jessie Chidzoy,Male,10/17/2006,jchidzoydd@biblegateway.com,(596) 3877194
249134,Shermie Vahey,Male,3/4/1993,svaheyde@webmd.com,
249135,Raquela Benton,I Do Not Wish To Answer,8/14/1982,rbentondf@tiny.cc,(874) 7912765
249136,Roarke Rarity,Male,6/10/1985,rraritydg@blogger.com,(889) 1434336
249137,Chadd Butterly,Male,12/18/1952,cbutterlydh@dropbox.com,
249138,Kincaid Blackstock,Male,6/6/2016,,(695) 2304146
249139,Philbert Penwright,Male,7/19/1968,ppenwrightdj@scientificamerican.com,(445) 1546870
249140,Asa Bellocht,Male,6/14/1993,abellochtdk@hostgator.com,
249141,Marne Chong,Female,8/30/1954,mchongdl@shutterfly.com,(177) 4394511
249142,Virgilio Rappa,Male,9/25/2002,,(830) 8704251
249143,Maxi Colquete,Female,2/26/2009,mcolquetedn@youtube.com,(391) 1148663
249144,Florie Kwiek,Female,7/4/2015,fkwiekdo@guardian.co.uk,(732) 2157324
249145,Geralda Frise,Female,7/22/1973,gfrisedp@soup.io,(477) 1779030
249146,Gustave McCrea,Male,5/5/1940,gmccreadq@cloudflare.com,
249147,Cecil Heinke,Male,10/2/1974,cheinkedr@devhub.com,(383) 2772078
249148,Ronnie Sackes,Male,5/10/1997,,(467) 3483717
249149,Cross Roches,Male,6/15/1964,crochesdt@freewebs.com,
249150,Paulie Goede,Male,4/2/2008,pgoededu@admin.ch,(466) 1296502
249151,Veronika Bradnocke,Female,3/13/1936,vbradnockedv@networksolutions.com,
249152,Tatum Ladley,Female,8/28/1984,tladleydw@businessweek.com,(916) 7257665
249153,Lola Capner,Female,12/16/1941,lcapnerdx@1688.com,(274) 4711406
249154,Boigie Duncklee,Male,8/20/1967,bdunckleedy@unblog.fr,(171) 2873616
249155,Giffie Nucci,Male,9/19/2009,gnuccidz@t.co,(535) 4769893
249156,Patricio Backwell,Male,6/8/1958,pbackwelle0@webs.com,(914) 1715392
249157,Edi Lemmers,Female,3/28/1988,elemmerse1@friendfeed.com,(162) 2933299
249158,Willie Tomasoni,Male,8/18/1938,,(241) 8570114
249159,Delinda Culleton,Female,9/18/1966,dculletone3@webmd.com,(578) 4323674
249160,Lorenzo McSporon,Male,9/9/1956,lmcsporone4@soundcloud.com,(131) 2826081
249161,Madlin Cusworth,Female,11/9/1996,mcusworthe5@ameblo.jp,(577) 1877058
249162,Nissa Senecaux,Non-binary,11/28/1976,nsenecauxe6@tinyurl.com,(771) 9462159
249163,Finn Snawden,Male,5/17/1935,fsnawdene7@google.com.au,(865) 8588884
249164,Demeter Law,Female,1/11/1984,dlawe8@github.io,(183) 8415207
249165,Gabe Carmel,I Do Not Wish To Answer,11/29/1944,gcarmele9@netscape.com,(947) 1652115
249166,Joleen Juliano,Female,5/31/1995,,
249167,Amye Stolli,Female,5/24/1940,,(377) 4478676
249168,Ariadne Bruneau,Female,1/22/1934,abruneauec@4shared.com,
249169,Ginnie Drife,Non-binary,11/26/1958,gdrifeed@blogtalkradio.com,(234) 6801692
249170,Shandie McCaughey,Female,7/27/1972,smccaugheyee@harvard.edu,(133) 1334425
249171,Gregoire Messham,Non-binary,4/7/1985,gmesshamef@example.com,(807) 2799881
249172,Eada Do Rosario,Female,5/26/1938,edoeg@multiply.com,
249173,Lynnelle Folbig,Non-binary,4/8/1933,lfolbigeh@umich.edu,(661) 4860362
249174,Phillida Tocque,Female,4/26/1942,ptocqueei@qq.com,(470) 4129439
249175,Juliette Sammars,Non-binary,1/10/2010,,(982) 6623876
249176,Abram McLanachan,Male,3/5/1984,amclanachanek@technorati.com,(683) 4188525
249177,Chery Doerling,Female,2/14/2011,cdoerlingel@jalbum.net,(810) 2340069
249178,Theda Brinsden,Non-binary,9/3/1933,tbrinsdenem@trellian.com,(438) 5272780
249179,Anderea Clemmen,Female,9/16/1943,aclemmenen@unesco.org,(358) 9894143
249180,Winifield Le Bosse,Male,7/21/1936,wleeo@abc.net.au,(166) 5202625
249181,Cymbre Burnet,Female,1/30/1976,cburnetep@cloudflare.com,(930) 8677665
249182,Francoise Lomas,Female,9/3/1974,flomaseq@princeton.edu,(901) 6579704
249183,Kati Woehler,Female,2/10/1959,kwoehlerer@unicef.org,(434) 7905126
249184,Taylor Stanistrete,Male,10/6/1975,,(645) 9244833
249185,Natty Farrer,Male,6/17/1961,nfarreret@bandcamp.com,(142) 4211420
249186,Jeanette Pashbee,Female,2/23/1977,jpashbeeeu@histats.com,(905) 1506849
249187,Ines Aimable,Female,7/5/1932,iaimableev@mozilla.org,(204) 8233283
249188,Claudetta Brogini,Female,6/17/1954,cbroginiew@github.io,(544) 4091957
249189,Roberta Sponton,Female,4/15/1995,rspontonex@noaa.gov,(122) 1670091
249190,Dougy Howbrook,Male,12/31/1953,dhowbrookey@slideshare.net,(481) 7190522
249191,Monique Bantham,Female,5/12/1947,mbanthamez@yale.edu,(579) 2439766
249192,Chanda Sparry,Female,6/15/2001,csparryf0@photobucket.com,(667) 8354140
249193,Fifine Hanney,Female,9/4/1981,fhanneyf1@mashable.com,(559) 5590997
249194,Lavinia Gladeche,Female,4/29/1953,lgladechef2@cbc.ca,(432) 3874563
249195,Audrey Luesley,Female,7/30/2009,aluesleyf3@ebay.com,
249196,Codi Wootton,Male,3/30/1990,cwoottonf4@craigslist.org,(613) 1124510
249197,Quincey Snel,Male,10/13/2013,qsnelf5@mtv.com,(985) 1829363
249198,Wren Joul,Female,11/7/1989,wjoulf6@alexa.com,(199) 5707986
249199,Lari Feldstein,Female,1/20/1947,lfeldsteinf7@geocities.com,(124) 2775521
249200,Cyndi Goddert,Female,2/11/1944,cgoddertsff8@studiopress.com,
249201,Nicko Riggert,Male,4/13/1985,nriggertf9@google.es,(866) 1177669
249202,Melvyn Bouts,Male,4/10/1962,mboutsfa@sina.com.cn,(225) 9963380
249203,Coralie Buie,Female,12/28/1963,cbuiefb@narod.ru,(678) 4314494
249204,Harland Gariff,Male,12/18/1974,hgarifffc@over-blog.com,
249205,Robert Aitkenhead,Male,1/7/1988,raitkenheadfd@homestead.com,(979) 8788727
249206,Nehemiah Dundon,Male,2/11/1990,ndundonfe@yelp.com,(713) 5100688
249207,Iorgos Juleff,Male,3/1/2001,ijuleffff@drupal.org,(926) 2899564
249208,Mauricio McDermot,Male,5/12/2016,mmcdermotfg@mail.ru,
249209,Alfredo Jacobsohn,Male,10/31/1969,ajacobsohnfh@bbb.org,(107) 7156657
249210,Marice Burmaster,Female,1/10/1957,mburmasterfi@gmpg.org,(937) 9038260
249211,Geraldine Relph,Female,8/3/1956,grelphfj@barnesandnoble.com,
249212,Marcy Hurton,Female,5/25/1980,,(731) 4124207
249213,Tedd Leavry,Male,7/1/1976,tleavryfl@stumbleupon.com,(618) 2953188
249214,Anatole Leyrroyd,I Do Not Wish To Answer,4/7/1939,aleyrroydfm@huffingtonpost.com,(370) 4318327
249215,Fowler Carrett,Non-binary,1/29/1970,fcarrettfn@yellowpages.com,(826) 7258609
249216,Francis Vequaud,Non-binary,1/7/1940,fvequaudfo@alibaba.com,(529) 5182330
249217,Petronilla MacRedmond,Female,6/17/2013,pmacredmondfp@foxnews.com,(244) 4595991
249218,Richart Begley,Male,6/11/2004,rbegleyfq@ft.com,(831) 5530443
249219,Lazare Drinkall,Male,5/29/1986,ldrinkallfr@51.la,(896) 4741077
249220,Farlee Kliesl,Male,9/21/2016,fklieslfs@macromedia.com,
249221,Horace Antoniewski,Male,3/30/2002,hantoniewskift@ow.ly,(505) 7122944
249222,Link Wooles,Male,9/6/1964,lwoolesfu@amazon.com,(415) 2446260
249223,Robbyn Morrel,Female,8/6/1999,rmorrelfv@eepurl.com,
249224,Cecilio Cathro,Male,10/29/1950,ccathrofw@rediff.com,
249225,Joline Baford,Female,8/17/1953,jbafordfx@guardian.co.uk,(632) 3563515
249226,Cecilius Esplin,Male,11/22/2013,cesplinfy@arizona.edu,(201) 3912806
249227,Mufinella Toland,Female,2/14/1967,,(251) 6810131
249228,Bernard Stoneley,Male,8/11/1930,bstoneleyg0@i2i.jp,(705) 3467815
249229,Katharyn Scottini,Non-binary,4/9/1964,,(481) 3863009
249230,Noelani Krzyzanowski,Female,3/29/1945,,(857) 8859890
249231,Haily Franke,Male,5/16/1986,,(300) 6724970
249232,Travus McGerraghty,Male,4/26/1955,tmcgerraghtyg4@exblog.jp,
249233,Chicky Crossgrove,Female,6/5/1996,ccrossgroveg5@army.mil,(559) 8614866
249234,Marianna MacComiskey,Female,6/26/1977,mmaccomiskeyg6@usa.gov,(609) 4646085
249235,Aurilia Symons,Non-binary,7/21/1962,asymonsg7@bigcartel.com,(864) 4155775
249236,Katie Lupson,Female,1/16/2017,,(100) 3021666
249237,Vittorio Danton,Male,7/28/1968,vdantong9@miibeian.gov.cn,
249238,Miran Radage,I Do Not Wish To Answer,8/9/1965,mradagega@jalbum.net,(453) 6268767
249239,Layney Taylo,Non-binary,8/14/1982,ltaylogb@twitpic.com,(855) 9132655
249240,Murvyn Lowle,Male,5/19/1941,mlowlegc@homestead.com,(390) 3733416
249241,Charlena Funcheon,Female,6/2/1974,cfuncheongd@woothemes.com,(172) 5075708
249242,Faina McNiven,Female,1/7/1940,,(906) 9643881
249243,Annabel Ducastel,Female,11/20/1961,aducastelgf@delicious.com,(439) 1388709
249244,Melisent Pelosi,Non-binary,6/10/1992,mpelosigg@mtv.com,(575) 8852253
249245,Ephrayim Hessay,Male,9/13/1966,ehessaygh@youtube.com,
249246,Stanfield De Vile,Male,10/17/2009,sdegi@senate.gov,(301) 2815221
249247,Somerset Baskeyfied,Male,3/3/1992,sbaskeyfiedgj@uiuc.edu,
249248,Ray Frentz,Female,8/12/1980,rfrentzgk@icq.com,(855) 8989353
249249,Ninon Pococke,Female,11/5/1956,,(288) 9079044
249250,Indira Mathivon,Female,12/23/1984,imathivongm@msn.com,(319) 2047976
249251,Lamond Eskell,Male,4/13/1993,leskellgn@canalblog.com,(680) 2975133
249252,Gaston Kempton,Male,11/19/1994,gkemptongo@epa.gov,
249253,Ilario Chasteau,Male,6/15/2010,ichasteaugp@wiley.com,(940) 3753560
249254,Arin Hunt,Male,7/2/1955,ahuntgq@ask.com,(161) 1893679
249255,Brittney Budget,Non-binary,2/14/1986,,(702) 4992399
249256,Guinna Gromley,Female,6/11/1966,ggromleygs@dailymail.co.uk,
249257,Alexandros Ringer,Male,4/1/1959,aringergt@scribd.com,(735) 5672139
249258,Iorgos Robb,Male,6/10/1997,irobbgu@wired.com,(484) 5103707
249259,Farah Shimmans,Female,8/18/1996,fshimmansgv@ehow.com,(368) 5317157
249260,Aline Fairchild,Female,11/26/2002,afairchildgw@furl.net,(484) 9440808
249261,Alethea Ruckhard,Female,2/9/1945,aruckhardgx@gnu.org,(761) 1074128
249262,Remus Bairstow,Male,4/4/1965,rbairstowgy@ucla.edu,(471) 1899861
249263,Warren Dulanty,Male,12/14/1954,wdulantygz@last.fm,(996) 3246257
249264,Colver Aven,Non-binary,1/24/1933,cavenh0@timesonline.co.uk,(869) 2418608
249265,Phelia Dulen,Female,4/20/2006,pdulenh1@chicagotribune.com,(552) 5988347
249266,Clifford Revett,Non-binary,7/20/1978,crevetth2@unc.edu,(178) 8004186
249267,Anderson Daunter,Non-binary,10/29/1934,adaunterh3@nationalgeographic.com,(626) 6233984
249268,Beatrix Ludee,Female,11/9/1966,bludeeh4@marketwatch.com,(978) 1162211
249269,Stevana Aves,Female,5/3/2000,savesh5@nifty.com,(629) 4901323
249270,Cece Broader,Male,4/22/1940,cbroaderh6@ox.ac.uk,(382) 8890343
249271,Jaime Bunyard,Female,8/1/2004,jbunyardh7@infoseek.co.jp,(360) 4006594
249272,Janet Kentish,Non-binary,5/15/1944,jkentishh8@networkadvertising.org,(234) 9526728
249273,Kiley Paunton,Male,8/23/1938,kpauntonh9@digg.com,(444) 2684127
249274,Cesar Beckenham,Male,5/22/1936,cbeckenhamha@gravatar.com,(189) 7329196
249275,Read Boom,Male,7/27/1963,rboomhb@bing.com,(547) 9765983
249276,Archibald Cicculi,Male,4/21/1998,acicculihc@google.es,(147) 3081782
249277,Giovanna Clempton,Female,3/12/2008,gclemptonhd@virginia.edu,(930) 4973702
249278,Dorthea Imison,Non-binary,1/24/1997,,(288) 5711584
249279,Romy Alflatt,Female,2/27/1950,ralflatthf@hhs.gov,(767) 5647466
249280,Haze McGragh,Male,9/29/1957,,(981) 9614174
249281,Evangeline Lockyer,Female,10/29/2005,elockyerhh@live.com,(704) 6423740
249282,Delmer Knewstubb,Male,6/8/1952,dknewstubbhi@reddit.com,(950) 2189307
249283,Shayne Thorsby,Female,10/2/1977,sthorsbyhj@tmall.com,(822) 6199607
249284,Benedick Dennington,Male,10/9/2015,bdenningtonhk@youku.com,
249285,Zebulen Devey,Male,3/6/1954,zdeveyhl@wp.com,(366) 8896846
249286,Darcy Roddam,Male,4/30/2008,droddamhm@netvibes.com,(805) 9188567
249287,Heddie Routley,Female,10/8/1935,hroutleyhn@nifty.com,
249288,Hazel Westfield,Male,2/18/2005,hwestfieldho@addthis.com,
249289,Garrot Plain,Male,11/5/2005,gplainhp@printfriendly.com,(147) 9308346
249290,Olenka Severn,Female,8/15/1958,osevernhq@census.gov,(852) 2827450
249291,Jilli Clapperton,Female,8/29/1988,jclappertonhr@oaic.gov.au,(932) 7045355
249292,Allianora Brownrigg,Non-binary,7/21/2010,abrownrigghs@cbsnews.com,(941) 7292516
249293,Silvano MacGiolla,Male,8/13/1980,smacgiollaht@biblegateway.com,(722) 7453243
249294,Rawley Kinkead,Male,7/22/1952,rkinkeadhu@feedburner.com,(966) 1023758
249295,Travers Leale,Male,8/2/1937,tlealehv@apache.org,(566) 1339781
249296,Monty McCooke,Male,9/28/1949,mmccookehw@youku.com,(281) 6381792
249297,Elianore Digginson,Female,8/26/1955,edigginsonhx@livejournal.com,(718) 4057491
249298,Tallie Marris,Male,3/28/1986,tmarrishy@cdbaby.com,
249299,Eugenie Scarisbrick,Female,10/26/1969,escarisbrickhz@google.com.br,
249300,Tedd Dermot,Male,9/25/1995,,
249301,Sebastiano Barnet,Male,5/6/1953,sbarneti1@unicef.org,(411) 1318129
249302,Cecilio Jan,Male,1/1/1952,cjani2@xing.com,(633) 5444059
249303,Zaria Goodlife,Female,12/18/1977,zgoodlifei3@columbia.edu,(992) 7182317
249304,Rodolph Priver,Male,5/10/1978,rpriveri4@example.com,(722) 3969090
249305,Tamra Stuckford,Female,6/21/2009,tstuckfordi5@sogou.com,(553) 1006139
249306,Jedidiah Sullens,Male,1/13/1944,jsullensi6@ezinearticles.com,(973) 4689659
249307,Berkeley Cargo,Male,4/16/1974,bcargoi7@howstuffworks.com,
249308,Wes Kingaby,Male,2/16/2002,wkingabyi8@google.ca,(720) 1109589
249309,Garner Huton,Male,6/6/1981,ghutoni9@homestead.com,
249310,Micki Iacovucci,Female,6/9/1969,,(501) 7187185
249311,Jae Balducci,Male,12/2/1979,jbalducciib@squidoo.com,
249312,Ephraim Enevold,Male,10/23/1940,eenevoldic@surveymonkey.com,(640) 5279195
249313,Belva Overstreet,Female,1/12/1947,boverstreetid@theglobeandmail.com,(343) 4921227
249314,Birdie Dodgshun,Female,10/7/1974,bdodgshunie@ifeng.com,(151) 4481001
249315,Agosto Tibols,Male,3/16/1968,atibolsif@amazon.de,
249316,Darice Ennals,Female,8/21/1998,dennalsig@japanpost.jp,(562) 8174268
249317,Gayelord Weekley,Male,9/15/2007,,(363) 5883425
249318,Christine Lieber,Female,2/14/1981,,(213) 4225746
249319,Lesley Jeanin,Male,2/9/1980,ljeaninij@google.com.br,(377) 2134450
249320,Alonzo Morgue,Male,8/13/2000,amorgueik@miitbeian.gov.cn,(115) 4623382
249321,Ibby Critoph,Female,10/19/1979,icritophil@yolasite.com,(987) 7744141
249322,Worthington Duker,Male,9/30/1950,wdukerim@amazon.com,
249323,Fern Pabel,Female,4/25/1983,fpabelin@unesco.org,(807) 7806383
249324,James Kinnier,Male,10/26/1994,jkinnierio@dagondesign.com,
249325,Efren Pawden,Male,6/12/2014,epawdenip@toplist.cz,(293) 7355647
249326,Arleta Toke,Female,4/1/2008,atokeiq@drupal.org,(544) 7619467
249327,Jameson Wilce,Male,7/24/1993,jwilceir@comsenz.com,
249328,Haydon Etherson,Male,5/17/1946,hethersonis@whitehouse.gov,(602) 8942441
249329,Rafferty Feige,Male,4/23/2000,rfeigeit@rambler.ru,(485) 8077242
249330,Isac Cosbey,Male,2/20/1949,icosbeyiu@sogou.com,(330) 4728250
249331,Hadleigh Roelvink,Male,1/27/1969,,
249332,Terza Zorzetti,Non-binary,8/29/2016,tzorzettiiw@reddit.com,(274) 5192568
249333,Ermin Jannasch,Male,3/13/1998,ejannaschix@mapy.cz,(994) 1732374
249334,Marylin Jacomb,Female,12/10/1978,mjacombiy@dailymotion.com,(544) 9352147
249335,Forbes Mufford,Male,11/6/1973,fmuffordiz@wix.com,(494) 5570879
249336,Ugo Goodere,Male,9/23/1968,ugooderej0@sitemeter.com,(392) 9158177
249337,Ambur Gillbe,Non-binary,7/1/1960,agillbej1@is.gd,(960) 8161615
249338,Conrado Wych,Male,6/21/1951,cwychj2@php.net,(891) 8750632
249339,Hillie Sarver,Male,11/15/1985,hsarverj3@linkedin.com,
249340,Therine Almeida,Non-binary,11/29/1934,talmeidaj4@rakuten.co.jp,(105) 6709561
249341,Clint Tuttle,Male,2/14/1937,ctuttlej5@storify.com,(881) 2333094
249342,Connor Leese,Male,4/29/1951,cleesej6@merriam-webster.com,(557) 2248835
249343,Cecilla Kincaid,Female,7/21/1966,ckincaidj7@ycombinator.com,(284) 5861348
249344,Lyda Sheara,Female,1/26/1990,,(895) 4013676
249345,Lurlene Wilsdon,Non-binary,10/4/1968,lwilsdonj9@wikia.com,(659) 9992414
249346,Spense Kaminski,Male,5/24/1991,skaminskija@bizjournals.com,
249347,Leodora Postle,Female,4/18/1944,lpostlejb@abc.net.au,(552) 5566035
249348,Yul Muge,Male,10/31/1977,ymugejc@state.tx.us,(679) 2701027
249349,Donal Holligan,Male,10/18/1990,dholliganjd@yolasite.com,(870) 5334511
249350,Hobard Tiner,Male,1/24/1964,htinerje@is.gd,(427) 1603914
249351,Alberta Insall,Female,9/29/1949,,(514) 1883881
249352,Virgie Fazakerley,Male,9/8/1960,vfazakerleyjg@businessweek.com,(238) 3735240
249353,Carmela Derwin,Female,3/2/2009,cderwinjh@walmart.com,(895) 4198747
249354,Gert Weddeburn,Female,2/27/1982,gweddeburnji@gmpg.org,(306) 8535557
249355,Erwin Heild,Male,12/16/2003,eheildjj@independent.co.uk,(641) 6276004
249356,Rodger Ewington,Non-binary,9/2/2010,rewingtonjk@webeden.co.uk,(254) 3904736
249357,Chrissie Steinham,Male,3/26/2000,,(134) 8004848
249358,Glenn Lucio,Male,8/10/1978,gluciojm@auda.org.au,(613) 3018068
249359,Olav Pesik,Non-binary,5/1/1930,opesikjn@canalblog.com,
249360,Gerrard Kuhnke,Non-binary,8/20/1969,gkuhnkejo@istockphoto.com,(123) 1981356
249361,Britney Pow,Female,7/10/1959,bpowjp@foxnews.com,(444) 3439240
249362,Cecil Casillas,Female,5/7/1953,ccasillasjq@samsung.com,(367) 3388200
249363,Belicia Fearnyhough,Female,12/12/2011,bfearnyhoughjr@php.net,(720) 8647709
249364,Hamilton Reynold,Male,2/29/1980,hreynoldjs@weibo.com,(184) 3626984
249365,Ambros Artois,Male,7/1/1971,aartoisjt@unblog.fr,(954) 7257655
249366,Casar Sellan,Male,4/29/1944,csellanju@engadget.com,(297) 9820346
249367,Max Reames,Male,6/20/2007,,(914) 3762390
249368,Bibi Bursnall,Female,4/25/1967,bbursnalljw@cmu.edu,
249369,Torrance Ewence,Male,9/16/1934,tewencejx@springer.com,(668) 8394952
249370,Parrnell Fardoe,Male,12/25/1961,,(159) 2706506
249371,Daryl Abeau,Female,4/28/1930,dabeaujz@cnbc.com,(733) 1509306
249372,Gran Hay,Male,1/15/1978,ghayk0@imdb.com,(422) 7528655
249373,Aura Jencken,Female,7/24/1951,ajenckenk1@independent.co.uk,(878) 2583876
249374,Chantalle Suter,Female,3/31/2003,csuterk2@nasa.gov,(774) 3713691
249375,Corbin O'Driscole,Male,2/15/1984,codriscolek3@salon.com,(935) 3638517
249376,Asher Showers,Male,7/5/2001,ashowersk4@gnu.org,(744) 6394757
249377,Nathalie Guys,Female,1/29/1938,nguysk5@vk.com,(829) 8146990
249378,Pamella Dadd,Female,9/2/2013,pdaddk6@nsw.gov.au,(973) 6730598
249379,Paddie Gear,Male,9/2/1970,pgeark7@networkadvertising.org,(134) 5352325
249380,Grenville Maddrell,Male,1/23/1991,gmaddrellk8@dyndns.org,(806) 6326475
249381,Arden Shank,Female,5/31/1984,ashankk9@tumblr.com,(987) 6169705
249382,Tildy McKerrow,Female,3/28/1997,tmckerrowka@admin.ch,(156) 9405057
249383,Gabi Caselick,Female,12/23/1998,gcaselickkb@wp.com,(193) 2422817
249384,Ellette Brakespear,Female,8/20/1934,ebrakespearkc@cpanel.net,(446) 8935335
249385,Muffin L'Hommeau,Female,11/15/1959,mlhommeaukd@meetup.com,(119) 1955854
249386,Staford Clyde,Male,5/20/1969,sclydeke@networksolutions.com,(681) 6987780
249387,Cleavland Bruckent,Non-binary,7/26/2013,cbruckentkf@icio.us,(677) 4381692
249388,Omar O'Breen,Male,8/3/2009,oobreenkg@flickr.com,(724) 2697124
249389,Izabel Slate,Non-binary,3/18/1954,islatekh@blogtalkradio.com,(408) 2864286
249390,Jewell Leyfield,Female,6/20/1987,jleyfieldki@4shared.com,(211) 3475480
249391,Federica MacColm,Non-binary,4/17/1979,,(618) 9041318
249392,Joelynn Vankeev,Female,11/15/1997,jvankeevkk@nih.gov,(744) 5838639
249393,Alice Rodear,Female,1/19/1998,arodearkl@people.com.cn,
249394,Sandro Whiles,Male,11/28/1958,swhileskm@nytimes.com,(876) 5307826
249395,Audry Perillo,Female,8/11/2014,aperillokn@canalblog.com,(832) 8597543
249396,Michaela Reinbeck,Female,10/23/1968,mreinbeckko@vkontakte.ru,(642) 4434600
249397,Truda Godly,Female,1/25/1937,tgodlykp@boston.com,(248) 6852963
249398,Marco Carsey,Male,4/29/1969,,(455) 9879537
249399,Roderigo Lionel,Male,8/30/1937,,(387) 1420380
249400,April Forgan,Female,3/14/1974,aforganks@booking.com,
249401,Luca Eschalette,Male,3/22/1994,,
249402,Cindra Latham,Female,8/31/1938,clathamku@netvibes.com,(929) 6260929
249403,Tommi McNeice,Female,3/16/1967,tmcneicekv@123-reg.co.uk,(121) 4374342
249404,Nevil Talby,Male,7/17/2000,ntalbykw@economist.com,(499) 3964634
249405,Torrey Yuranovev,Male,5/28/1980,tyuranovevkx@reference.com,(405) 6558875
249406,Jarid Ambrose,Male,9/23/2005,jambroseky@livejournal.com,(810) 5099371
249407,Clara Butterfill,Female,10/5/1978,cbutterfillkz@360.cn,(766) 4921119
249408,Verla Waddie,Female,10/18/2009,vwaddiel0@unicef.org,(766) 9018470
249409,Clo Tyler,Non-binary,10/23/1963,ctylerl1@ucoz.ru,(418) 4311239
249410,Chiquita Belitz,Female,5/23/1941,cbelitzl2@reuters.com,
249411,Jacki Le Conte,Female,4/25/1930,jlel3@chronoengine.com,(639) 7172904
249412,Maurits Leisman,Male,10/6/2009,mleismanl4@edublogs.org,(866) 9758192
249413,Hamel Tomsett,Male,2/19/1970,htomsettl5@answers.com,(587) 2317928
249414,Raina Writer,Female,12/24/1930,rwriterl6@discovery.com,(426) 2384573
249415,Sammie Londesborough,Male,9/30/1955,slondesboroughl7@github.io,(124) 9744392
249416,Vlad Finnemore,Non-binary,6/15/1996,vfinnemorel8@army.mil,(914) 9175702
249417,Carey Lamcken,Male,4/7/1996,clamckenl9@bluehost.com,(688) 9244965
249418,Sampson Nendick,Male,7/3/1973,snendickla@alibaba.com,(974) 5205725
249419,Aron Losano,Male,4/17/1944,alosanolb@histats.com,
249420,Lynnelle Turney,Female,7/27/1958,lturneylc@army.mil,(512) 6783871
249421,Barbaraanne Wones,Female,10/5/1931,bwonesld@virginia.edu,
249422,Viola O'Duilleain,Female,7/31/1947,voduilleainle@trellian.com,
249423,Kalvin Silburn,Male,6/7/2012,ksilburnlf@boston.com,(712) 2767064
249424,Elysia Bath,Female,7/20/2017,ebathlg@arizona.edu,(982) 4620493
249425,Kimberlee Tunn,Female,2/27/1948,,(551) 5045445
249426,Hertha Kempston,Female,7/4/1944,hkempstonli@ask.com,(839) 7467726
249427,Sidnee Kilgannon,Male,5/29/2014,skilgannonlj@facebook.com,(979) 6232053
249428,Amy McKelvey,Female,1/16/1987,amckelveylk@symantec.com,
249429,Brett Lemery,Female,5/26/2017,blemeryll@toplist.cz,(744) 9774814
249430,Jamison Matthieson,Male,6/14/1976,jmatthiesonlm@webmd.com,(415) 3345590
249431,Marcelia Farmer,Female,5/25/2008,mfarmerln@comcast.net,(328) 9600298
249432,Ynez Basili,Female,3/11/1932,ybasililo@digg.com,
249433,Hadley Laxen,Male,2/19/2013,hlaxenlp@addthis.com,(765) 1817620
249434,Vince Minker,Male,11/18/1984,vminkerlq@shareasale.com,(511) 9399999
249435,Courtney Skey,Male,11/16/1946,cskeylr@indiatimes.com,(255) 1295313
249436,Jackie Anthes,Male,7/13/1985,janthesls@dion.ne.jp,(260) 1917600
249437,Melitta Dayborne,Female,9/23/2000,mdaybornelt@comcast.net,(538) 9505848
249438,Gerianne Olney,Female,3/9/2003,golneylu@hubpages.com,(943) 4456526
249439,Kale Lehrian,Male,7/3/1982,klehrianlv@google.pl,
249440,Bianca Visco,Female,5/29/1933,bviscolw@canalblog.com,(542) 2945926
249441,Quintus Deverson,Male,9/1/1966,qdeversonlx@mayoclinic.com,(320) 7519093
249442,Franchot Beurich,Male,3/19/1971,fbeurichly@jimdo.com,(895) 7683756
249443,Phaidra Cops,Female,5/8/1978,pcopslz@1und1.de,
249444,Bekki Blackborow,Female,12/25/1945,bblackborowm0@4shared.com,(292) 4334817
249445,Alexine Ryley,Female,10/7/1980,aryleym1@aol.com,
249446,Hildegarde Dennis,Female,6/4/1937,hdennism2@cnn.com,(614) 2881108
249447,Cully Schimann,Male,3/31/1979,cschimannm3@tumblr.com,(244) 8270904
249448,Tore Farnham,Male,11/20/1986,tfarnhamm4@creativecommons.org,
249449,Val Ledamun,Female,8/4/1966,vledamunm5@canalblog.com,(206) 6677703
249450,Erny Sloegrave,Male,12/26/2014,esloegravem6@typepad.com,
249451,Berenice Hatje,Female,8/8/2014,bhatjem7@tripadvisor.com,(483) 3186514
249452,Lovell Montier,Male,2/6/1954,lmontierm8@webmd.com,(707) 7216565
249453,Meier Eakens,Male,7/2/1970,meakensm9@dropbox.com,(339) 8076004
249454,Pavlov McNaught,Male,9/12/1987,pmcnaughtma@tripod.com,(747) 8723919
249455,Budd Wadie,Male,9/28/1946,,(136) 9420344
249456,Grange Craigmile,Male,10/8/1988,gcraigmilemc@senate.gov,(901) 5124823
249457,Franklin Gairdner,Male,12/8/1965,fgairdnermd@engadget.com,(979) 3567687
249458,Dot Etchells,Female,12/19/1939,detchellsme@geocities.jp,(285) 3843533
249459,Martynne Spinozzi,Female,7/1/1973,mspinozzimf@china.com.cn,(461) 2576411
249460,Edouard Stutte,Male,2/24/2003,estuttemg@who.int,
249461,Piotr Drogan,Male,3/22/1940,pdroganmh@toplist.cz,(267) 8893964
249462,Kevon Beagen,Male,2/23/2017,kbeagenmi@tamu.edu,
249463,Kirsti Iozefovich,Non-binary,10/27/1954,kiozefovichmj@artisteer.com,(748) 6005521
249464,Alene Whithalgh,Female,10/10/1981,,(638) 9330807
249465,Dunstan Hartmann,Male,8/7/1961,dhartmannml@ebay.co.uk,(530) 8025347
249466,Elisa Fullman,Female,12/3/1987,efullmanmm@goo.ne.jp,(676) 6805475
249467,Caryl Gass,Male,8/21/1988,cgassmn@is.gd,(647) 3322167
249468,Jory Hindenburg,Male,5/19/1955,,(241) 7044938
249469,Amaleta Barday,Female,1/14/1963,,(918) 8603959
249470,Georgianne Gaiter,Female,3/12/1948,ggaitermq@privacy.gov.au,(639) 9776918
249471,Caspar Egan,Male,11/23/1979,ceganmr@google.nl,(880) 7719466
249472,Pepe Kohter,Male,5/15/1934,,(896) 8041985
249473,Dayna Hindrich,Non-binary,7/17/1936,dhindrichmt@tinypic.com,(550) 2562208
249474,Hube Belvin,Male,2/26/2010,hbelvinmu@dot.gov,(708) 6659974
249475,Karmen Cherry,Female,1/19/1986,kcherrymv@accuweather.com,(880) 4923327
249476,Lemmy Tildesley,Male,9/22/2008,,(975) 9462487
249477,Livvie Allain,Female,10/14/1970,lallainmx@ucsd.edu,(465) 5059759
249478,Sioux Vasyushkhin,Female,4/15/1972,svasyushkhinmy@pbs.org,(766) 8840298
249479,Gris Klaggeman,Male,11/3/2009,gklaggemanmz@examiner.com,
249480,Joannes Barette,Non-binary,12/10/1938,jbaretten0@goo.ne.jp,
249481,Yancey Dewfall,Male,9/6/1977,,(367) 7003075
249482,Tome Leyninye,Male,9/29/1945,,(922) 7510207
249483,Esdras Halling,Male,3/21/1983,ehallingn3@clickbank.net,(135) 1480512
249484,Linoel Moncrieffe,Male,4/23/2017,lmoncrieffen4@buzzfeed.com,(133) 4848197
249485,Chauncey Iremonger,Male,12/15/1981,ciremongern5@friendfeed.com,
249486,Leicester Ference,Male,10/6/1957,lferencen6@dot.gov,(757) 9939034
249487,Murry Sercombe,Male,10/17/1973,msercomben7@com.com,(343) 8361517
249488,Nathan Kleinplatz,Non-binary,9/22/1953,nkleinplatzn8@mlb.com,(653) 1041373
249489,Veronica Semor,Female,6/3/1932,vsemorn9@walmart.com,(879) 4217982
249490,Rand Rosenhaupt,Male,3/26/1932,rrosenhauptna@auda.org.au,(874) 4058090
249491,Saunders O'dell,Male,1/2/1993,sodellnb@noaa.gov,(727) 8202406
249492,Connor Pottinger,Male,6/1/1964,cpottingernc@simplemachines.org,(628) 6824015
249493,Theodosia Oxlade,Female,3/12/1931,,(570) 3437697
249494,Lorri Badder,Non-binary,3/2/1937,lbadderne@printfriendly.com,(450) 2862590
249495,Mufi Semonin,Female,7/6/1968,msemoninnf@harvard.edu,(579) 1202223
249496,Nannette Toderi,Female,11/14/1957,ntodering@npr.org,(713) 2012631
249497,Caesar Kimbly,Male,9/21/2008,ckimblynh@homestead.com,(940) 4153192
249498,Flor Farnan,Female,8/31/1967,ffarnanni@squidoo.com,(148) 4212266
249499,Zed Rymmer,Male,6/20/1965,,(386) 3787509
249500,Yancey Mazonowicz,Male,11/3/1981,ymazonowicznk@auda.org.au,(597) 1102598
249501,Adrea Jacobs,Non-binary,4/15/1933,ajacobsnl@wisc.edu,(615) 7420241
249502,Justis McCorkindale,Male,1/13/1932,jmccorkindalenm@merriam-webster.com,(210) 6416291
249503,Paulie Janikowski,Male,4/4/2015,pjanikowskinn@washington.edu,
249504,Dallis Doran,Male,11/21/1955,ddoranno@noaa.gov,(611) 1505129
249505,Lyndsey Woodford,Female,9/20/1941,lwoodfordnp@friendfeed.com,(200) 2176877
249506,Diena Dwane,Female,6/19/2017,ddwanenq@nhs.uk,(990) 9787242
249507,Annabell Antczak,Female,11/8/1973,aantczaknr@nba.com,(674) 3062014
249508,Kaile Pimm,Female,8/7/2009,kpimmns@economist.com,
249509,Edmund Wooff,Male,3/25/1975,ewooffnt@surveymonkey.com,(699) 1054264
249510,Ricki Simyson,Female,12/13/1936,rsimysonnu@yellowpages.com,(684) 8221001
249511,Donni Manach,Female,4/13/2015,dmanachnv@linkedin.com,(891) 6466519
249512,Charissa Renshaw,Female,5/2/1952,crenshawnw@google.com.hk,
249513,Karina Lockery,Female,11/22/1972,klockerynx@studiopress.com,(171) 8150457
249514,Mair Runge,Female,12/19/1958,mrungeny@globo.com,(804) 1275354
249515,Mill Hawkyens,Male,4/25/1934,,(895) 8361055
249516,Ardene Yuryatin,Female,10/21/2014,ayuryatino0@omniture.com,(139) 2017684
249517,Amalee Dossett,Female,9/21/1951,adossetto1@independent.co.uk,(634) 5947066
249518,Truman June,Male,12/13/2007,tjuneo2@gravatar.com,(580) 4769797
249519,Gilbert Holsall,Male,4/14/1939,gholsallo3@jiathis.com,(813) 8935731
249520,Miguela Tonkin,Female,1/31/1994,mtonkino4@paypal.com,(576) 1149325
249521,Estevan Brickstock,Male,7/30/1936,ebrickstocko5@elpais.com,(189) 8194372
249522,Rasla Kenney,Female,11/18/1980,rkenneyo6@360.cn,(179) 3194749
249523,Nobie Bowhey,Male,8/29/1965,nbowheyo7@techcrunch.com,(315) 4661409
249524,Claudelle Puckrin,Female,4/27/1973,cpuckrino8@newsvine.com,(703) 8292061
249525,Ariana Belbin,Female,6/8/1945,abelbino9@icq.com,(917) 8428162
249526,Sydel Standage,Female,6/11/1942,sstandageoa@simplemachines.org,(301) 6100804
249527,Eyde Lafford,Female,8/11/2004,elaffordob@cmu.edu,(771) 6267303
249528,Lorens Hawyes,Male,7/11/1961,lhawyesoc@ibm.com,(245) 4408095
249529,Eunice Jerrolt,Female,11/3/1992,ejerroltod@linkedin.com,(821) 4152642
249530,Essie Hickeringill,Female,8/15/1950,,(316) 9408328
249531,Dulcy Fierro,Female,8/5/2010,dfierroof@privacy.gov.au,(693) 3546847
249532,Meier Jewitt,Non-binary,12/8/1956,,
249533,Felicity Breinl,Female,1/20/1987,fbreinloh@instagram.com,
249534,Giovanna Wissby,Female,9/29/2008,gwissbyoi@jiathis.com,(696) 9339830
249535,Marcela Clulee,Female,9/30/1987,mcluleeoj@google.pl,(910) 6307894
249536,Lyndsey Cullip,Female,6/22/2001,lcullipok@cnet.com,(677) 4262705
249537,Carlyn Seery,Female,10/1/1933,cseeryol@studiopress.com,(384) 5591031
249538,Trace Gillies,Male,5/25/1987,tgilliesom@upenn.edu,(816) 2360412
249539,Jerrie Agirre,Male,1/28/1953,,
249540,Guinna Chapman,Female,6/18/1971,gchapmanoo@wix.com,
249541,Adore Merlin,Female,7/31/1934,amerlinop@amazon.de,(288) 7921410
249542,Neala Dyneley,Non-binary,4/1/1961,ndyneleyoq@amazonaws.com,(902) 7122473
249543,Anders Snozzwell,Male,1/16/1975,asnozzwellor@about.com,(317) 6116511
249544,Alix Thome,Male,7/13/1991,athomeos@cdc.gov,(820) 8498602
249545,Willey Maides,Male,6/8/1981,,(280) 3815303
249546,Norrie Heathfield,Female,3/6/1994,,(207) 1176132
249547,Walsh Sabatier,Male,4/9/2005,wsabatierov@china.com.cn,(770) 2496190
249548,Demetra Caulliere,Non-binary,12/29/1941,dcaulliereow@mapy.cz,(402) 8513757
249549,Morry Crayton,Male,1/22/1975,,(443) 8130129
249550,Row Hathway,Female,2/27/1965,rhathwayoy@theglobeandmail.com,(533) 7907861
249551,Kurt Fairbourn,Male,5/30/1996,kfairbournoz@purevolume.com,(602) 8371473
